RepeatsDB ID	start	end
       1avyA	421	456
       1avyC	421	456
        1lwuC	87	135
        1lwuF	83	135
        1lwuI	85	135
        1lwuL	85	135
        1n73C	84	135
        1n73F	84	135
        2e7sK	31	144
        2e7sL	31	143
        2e7sM	32	143
        2e7sN	39	140
        2e7sO	35	154
        2e7sS	31	147
        2ocyA	16	157
        2ocyB	16	157
       2xqhA	161	416
       2xzrA	363	460
         3lt6A	-6	44
         3lt6B	-1	50
         3lt6E	-7	47
         3lt6F	-6	47
         3lt7B	-1	50
         3lt7D	-1	45
         3lt7E	-1	53
        3ojaA	34	509
          3vp8A	4	78
          3vp8B	3	81
          3vp8C	4	80
     3wprA	3143	3306
     3wprB	3146	3306
     3wprC	3143	3306
          4gyxA	1	28
          4gyxB	1	28
          4gyxC	1	26
        4x1yE	46	139
        4x20E	46	139
        4yj2E	46	139
        4yj3E	46	139
        5lj5t	79	472
        5lj5u	76	472
        5lj5v	76	472
        5lj5w	78	472
     5mc9C	1553	1594
        5mqfG	70	133
       5yfpH	195	749
        6bk8u	77	472
        6bk8v	77	139
        6bk8w	78	472
       6bl7B	659	741
         6bp7A	7	803
         6bp8A	5	803
        6exnt	78	140
        6exnv	77	139
        6ff7G	70	134
        6ff7J	70	133
        6gajA	29	154
        6gajB	28	157
        6gajC	35	157
        6gakA	35	154
        6gakB	31	154
        6gakC	32	155
        6gaoA	39	247
        6gaoB	28	247
        6gaoC	35	247
        6gapA	27	237
        6gapB	27	234
        6gapC	27	234
        6iczq	70	133
        6iczr	70	133
        6id1q	70	133
        6j6go	77	140
        6j6gp	77	139
        6j6gq	76	143
        6j6no	77	140
        6j6np	77	142
        6j6nq	76	143
        6j6qo	77	140
        6j6qp	77	142
        6j6qq	76	143
         6j9rA	8	105
         6j9rB	8	105
       6n8tA	437	497
       6qp4A	318	453
       6qp4B	318	451
       6qp4C	335	451
